{
  "area": 4922667.636834,
  "fraction": 0.16377316731348468
}