{
  "totals": {
    "1.2 - Unconsolidated Mineral Substrate": 1435108.5855654492,
    "1.2.2.2 - Sand": 1454301706.0985255,
    "1.2.2 - Fine Unconsolidated Substrate": 54188235.577166595,
    "9.9.9.9.9 - No data": 1879993.7843391316,
    "1.1.1 - Bedrock": 234988742.9153649,
    "1.1 - Rock Substrate": 5754201.908709651,
    "1.2.1 - Coarse Unconsolidated Substrate": 320849.0986668103,
    "1.2.1.1.1 - Boulder": 2618657.092785998,
    "1.2.2.5 - Mud": 184967422.60820934,
    "3.1.2 - Anthropogenic Rock Rubble": 104871.86964075647,
    "1.2.2.3 - Muddy Sand": 98807837.83617601,
    "1.2.2.2.4 - Fine Sand": 593339972.8768349,
    "1.2.2.4 - Sandy Mud": 18017818.9191771,
    "1.2.2.2.2 - Coarse Sand": 30598998.463525146,
    "1.2.2.2.3 - Medium Sand": 475096676.01065356,
    "1.2.1.1 - Gravel": 2653271.3922158093,
    "2.3.1.2.3 - Very Coarse Woody Debris": 3480.3843276974258,
    "2.5.3 - Shell Hash": 3583282.7630798556,
    "1.2.1.2 - Gravel Mixes": 92813389.88291444,
    "1.2.1.2.1 - Sandy Gravel": 70.08360509794106,
    "1.2.2.1.1 - Slightly Gravelly Sand": 865.150111612598,
    "1.2.1.1.2 - Cobble": 1706780.9048790063,
    "1.2.2.1.4 - Slightly Gravelly Mud": 3191525.736708808
  },
  "protectedAreaTotals": {
    "MRA": 3240251.8721921924,
    "MG": 1760031.2484053592,
    "SPA": 57604765.89854093,
    "MPA": 144864696.33324373,
    "MR": 105494563.45005158,
    "MCA": 5425544.923999765
  },
  "protectedAreaHabitatTotals": {
    "MRA": {
      "1.2.2.2 - Sand": 461006.67420369387,
      "1.2.1 - Coarse Unconsolidated Substrate": 23327.381202121913,
      "1.2.1.1.1 - Boulder": 142391.9122251873,
      "1.1 - Rock Substrate": 1198835.6352133101,
      "1.1.1 - Bedrock": 982732.7341118817,
      "1.2.2 - Fine Unconsolidated Substrate": 351431.1885786602,
      "9.9.9.9.9 - No data": 80166.95143545594,
      "2.3.1.2.3 - Very Coarse Woody Debris": 181.85129608025647,
      "1.2.2.3 - Muddy Sand": 177.5439258141302
    },
    "MG": {
      "1.1 - Rock Substrate": 345141.4925915222,
      "9.9.9.9.9 - No data": 53959.649521630796,
      "1.2.1.1.1 - Boulder": 16770.08100601501,
      "1.2.1 - Coarse Unconsolidated Substrate": 14159.714191334671,
      "1.1.1 - Bedrock": 426188.9292896058,
      "1.2.2.2 - Sand": 554649.1139603152,
      "1.2.2 - Fine Unconsolidated Substrate": 348025.0890861847,
      "1.2.2.3 - Muddy Sand": 1137.1787587502922
    },
    "SPA": {
      "1.2.2.2 - Sand": 49815860.236836,
      "1.2.1.2 - Gravel Mixes": 4316062.586455307,
      "1.2.2.2.3 - Medium Sand": 2639816.9351944802,
      "1.2.2.2.4 - Fine Sand": 665285.7835892336,
      "1.1.1 - Bedrock": 22448.34731578656,
      "1.2.1.1 - Gravel": 145292.00915013513
    },
    "MPA": {
      "1.2.2.2 - Sand": 31560813.288786765,
      "1.1.1 - Bedrock": 10821066.027153086,
      "1.1 - Rock Substrate": 600795.2247576269,
      "9.9.9.9.9 - No data": 116879.90465923464,
      "1.2.2 - Fine Unconsolidated Substrate": 2779442.748724677,
      "1.2.1.1.1 - Boulder": 46714.31234591234,
      "1.2.2.3 - Muddy Sand": 5436598.612564627,
      "1.2.1 - Coarse Unconsolidated Substrate": 5470.599128198371,
      "1.2.2.2.4 - Fine Sand": 31091418.95555183,
      "1.2.2.2.3 - Medium Sand": 50597631.898429446,
      "1.2.1.2 - Gravel Mixes": 8254033.97702408,
      "1.2.2.5 - Mud": 117849.51508631653,
      "2.5.3 - Shell Hash": 63976.421940024295,
      "1.2.1.1 - Gravel": 232780.26066171052,
      "1.2.2.2.2 - Coarse Sand": 2096985.137081983,
      "1.2.2.4 - Sandy Mud": 1042239.4493486261
    },
    "MR": {
      "1.2.2.2 - Sand": 14093897.229565872,
      "1.1.1 - Bedrock": 7159700.370014786,
      "1.1 - Rock Substrate": 666342.6772366836,
      "9.9.9.9.9 - No data": 87067.69081917133,
      "1.2.2.3 - Muddy Sand": 133036.23098651902,
      "2.3.1.2.3 - Very Coarse Woody Debris": 181.85129608025647,
      "1.2.2 - Fine Unconsolidated Substrate": 1835839.29552748,
      "1.2.1 - Coarse Unconsolidated Substrate": 62709.76122080072,
      "1.2.2.2.4 - Fine Sand": 36100199.821556896,
      "1.2.2.2.3 - Medium Sand": 34526629.26601201,
      "1.2.1.2 - Gravel Mixes": 7598562.379235132,
      "1.2.1.2.1 - Sandy Gravel": 70.08360509794106,
      "1.2.2.5 - Mud": 12854.978953241476,
      "1.2.1.1.1 - Boulder": 1414575.0678524356,
      "1.2.1.1 - Gravel": 56627.66764514672,
      "1.2.2.2.2 - Coarse Sand": 294468.01820714836,
      "1.2.1.1.2 - Cobble": 1446622.9177028425,
      "2.5.3 - Shell Hash": 5178.142614267644
    },
    "MCA": {
      "9.9.9.9.9 - No data": 102217.18804287439,
      "1.1.1 - Bedrock": 2717157.1176384045,
      "1.1 - Rock Substrate": 196398.50010429032,
      "1.2.2.2 - Sand": 1753056.8113077544,
      "1.2.2 - Fine Unconsolidated Substrate": 186166.63981637167,
      "1.2.1 - Coarse Unconsolidated Substrate": 12815.14874705295,
      "1.2.1.1.1 - Boulder": 63881.42050280086,
      "1.2.2.2.4 - Fine Sand": 335779.9602673646,
      "1.2.2.2.3 - Medium Sand": 694.2511580385957,
      "1.2.1.1 - Gravel": 57377.88641482081
    }
  },
  "unprotectedTotals": {
    "1.2 - Unconsolidated Mineral Substrate": 1435108.5855654492,
    "1.2.2.2 - Sand": 1356062422.7438655,
    "1.2.2 - Fine Unconsolidated Substrate": 48687330.61543322,
    "9.9.9.9.9 - No data": 1439702.3998607644,
    "1.1.1 - Bedrock": 212859449.38984135,
    "1.1 - Rock Substrate": 2746688.3788062176,
    "1.2.1 - Coarse Unconsolidated Substrate": 202366.4941773017,
    "1.2.1.1.1 - Boulder": 934324.2988536465,
    "1.2.2.5 - Mud": 184836718.11416978,
    "3.1.2 - Anthropogenic Rock Rubble": 104871.86964075647,
    "1.2.2.3 - Muddy Sand": 93236888.2699403,
    "1.2.2.2.4 - Fine Sand": 525147288.35586953,
    "1.2.2.4 - Sandy Mud": 16975579.469828475,
    "1.2.2.2.2 - Coarse Sand": 28207545.308236014,
    "1.2.2.2.3 - Medium Sand": 387331903.65985954,
    "1.2.1.1 - Gravel": 2161193.568343996,
    "2.3.1.2.3 - Very Coarse Woody Debris": 3116.681735536913,
    "2.5.3 - Shell Hash": 3514128.1985255633,
    "1.2.1.2 - Gravel Mixes": 72644730.94019993,
    "1.2.1.2.1 - Sandy Gravel": 0,
    "1.2.2.1.1 - Slightly Gravelly Sand": 865.150111612598,
    "1.2.1.1.2 - Cobble": 260157.98717616382,
    "1.2.2.1.4 - Slightly Gravelly Mud": 3191525.736708808
  }
}