{
  "area": 895848.471828,
  "fraction": 0.02980415345663608
}