{
  "area": 13707060.365439,
  "fraction": 0.456022802313106
}